Size,DataType,Algorithm,Time_Seconds
10,Random,Bubble,0.000000900
10,Random,Insertion,0.000000400
10,Random,Selection,0.000000600
10,Random,Merge,0.000008000
10,Random,Quick,0.000000700
10,Random,Heap,0.000000800
10,Random,Counting,0.000000500
10,Random,Radix,0.000000500
10,Sorted,Bubble,0.000000100
10,Sorted,Insertion,0.000000500
10,Sorted,Selection,0.000000600
10,Sorted,Merge,0.000001500
10,Sorted,Quick,0.000000300
10,Sorted,Heap,0.000000600
10,Sorted,Counting,0.000000900
10,Sorted,Radix,0.000000500
10,Reverse,Bubble,0.000000800
10,Reverse,Insertion,0.000000700
10,Reverse,Selection,0.000000700
10,Reverse,Merge,0.000002000
10,Reverse,Quick,0.000000600
10,Reverse,Heap,0.000000100
10,Reverse,Counting,0.000000500
10,Reverse,Radix,0.000000900
10,Few_Unique,Bubble,0.000000800
10,Few_Unique,Insertion,0.000000500
10,Few_Unique,Selection,0.000000700
10,Few_Unique,Merge,0.000001600
10,Few_Unique,Quick,0.000000700
10,Few_Unique,Heap,0.000000700
10,Few_Unique,Counting,0.000000300
10,Few_Unique,Radix,0.000000600
10,Nearly_Sorted,Bubble,0.000000200
10,Nearly_Sorted,Insertion,0.000000600
10,Nearly_Sorted,Selection,0.000000500
10,Nearly_Sorted,Merge,0.000001600
10,Nearly_Sorted,Quick,0.000000500
10,Nearly_Sorted,Heap,0.000000500
10,Nearly_Sorted,Counting,0.000000300
10,Nearly_Sorted,Radix,0.000000400
20,Random,Bubble,0.000002100
20,Random,Insertion,0.000001200
20,Random,Selection,0.000002000
20,Random,Merge,0.000003800
20,Random,Quick,0.000001500
20,Random,Heap,0.000001900
20,Random,Counting,0.000000800
20,Random,Radix,0.000001400
20,Sorted,Bubble,0.000000300
20,Sorted,Insertion,0.000001000
20,Sorted,Selection,0.000001700
20,Sorted,Merge,0.000003500
20,Sorted,Quick,0.000000200
20,Sorted,Heap,0.000001700
20,Sorted,Counting,0.000001200
20,Sorted,Radix,0.000001900
20,Reverse,Bubble,0.000002500
20,Reverse,Insertion,0.000001800
20,Reverse,Selection,0.000002000
20,Reverse,Merge,0.000003400
20,Reverse,Quick,0.000001200
20,Reverse,Heap,0.000001500
20,Reverse,Counting,0.000000700
20,Reverse,Radix,0.000001400
20,Few_Unique,Bubble,0.000002200
20,Few_Unique,Insertion,0.000001400
20,Few_Unique,Selection,0.000001400
20,Few_Unique,Merge,0.000003800
20,Few_Unique,Quick,0.000001400
20,Few_Unique,Heap,0.000001800
20,Few_Unique,Counting,0.000000700
20,Few_Unique,Radix,0.000000100
20,Nearly_Sorted,Bubble,0.000001000
20,Nearly_Sorted,Insertion,0.000001200
20,Nearly_Sorted,Selection,0.000001700
20,Nearly_Sorted,Merge,0.000003500
20,Nearly_Sorted,Quick,0.000001000
20,Nearly_Sorted,Heap,0.000001900
20,Nearly_Sorted,Counting,0.000000500
20,Nearly_Sorted,Radix,0.000001400
100,Random,Bubble,0.000039300
100,Random,Insertion,0.000015700
100,Random,Selection,0.000022800
100,Random,Merge,0.000024400
100,Random,Quick,0.000010300
100,Random,Heap,0.000014700
100,Random,Counting,0.000002700
100,Random,Radix,0.000007100
100,Sorted,Bubble,0.000000600
100,Sorted,Insertion,0.000005400
100,Sorted,Selection,0.000020400
100,Sorted,Merge,0.000019500
100,Sorted,Quick,0.000006000
100,Sorted,Heap,0.000013600
100,Sorted,Counting,0.000002300
100,Sorted,Radix,0.000006100
100,Reverse,Bubble,0.000041800
100,Reverse,Insertion,0.000025700
100,Reverse,Selection,0.000021300
100,Reverse,Merge,0.000018200
100,Reverse,Quick,0.000007100
100,Reverse,Heap,0.000009400
100,Reverse,Counting,0.000002000
100,Reverse,Radix,0.000008400
100,Few_Unique,Bubble,0.000034600
100,Few_Unique,Insertion,0.000012700
100,Few_Unique,Selection,0.000022300
100,Few_Unique,Merge,0.000028300
100,Few_Unique,Quick,0.000021000
100,Few_Unique,Heap,0.000011300
100,Few_Unique,Counting,0.000002200
100,Few_Unique,Radix,0.000002900
100,Nearly_Sorted,Bubble,0.000019300
100,Nearly_Sorted,Insertion,0.000005500
100,Nearly_Sorted,Selection,0.000019300
100,Nearly_Sorted,Merge,0.000019300
100,Nearly_Sorted,Quick,0.000005900
100,Nearly_Sorted,Heap,0.000021200
100,Nearly_Sorted,Counting,0.000001800
100,Nearly_Sorted,Radix,0.000005000
1000,Random,Bubble,0.002261300
1000,Random,Insertion,0.000473800
1000,Random,Selection,0.000677100
1000,Random,Merge,0.000133400
1000,Random,Quick,0.000076200
1000,Random,Heap,0.000126800
1000,Random,Counting,0.000006700
1000,Random,Radix,0.000024000
1000,Sorted,Bubble,0.000001300
1000,Sorted,Insertion,0.000039900
1000,Sorted,Selection,0.000520300
1000,Sorted,Merge,0.000077900
1000,Sorted,Quick,0.000022500
1000,Sorted,Heap,0.000064000
1000,Sorted,Counting,0.000005800
1000,Sorted,Radix,0.000021200
1000,Reverse,Bubble,0.001460800
1000,Reverse,Insertion,0.000616800
1000,Reverse,Selection,0.000451600
1000,Reverse,Merge,0.000060500
1000,Reverse,Quick,0.000034300
1000,Reverse,Heap,0.000046800
1000,Reverse,Counting,0.000004600
1000,Reverse,Radix,0.000024600
1000,Few_Unique,Bubble,0.000843500
1000,Few_Unique,Insertion,0.000239400
1000,Few_Unique,Selection,0.000412000
1000,Few_Unique,Merge,0.000078200
1000,Few_Unique,Quick,0.000087600
1000,Few_Unique,Heap,0.000059100
1000,Few_Unique,Counting,0.000004500
1000,Few_Unique,Radix,0.000006800
1000,Nearly_Sorted,Bubble,0.000474500
1000,Nearly_Sorted,Insertion,0.000056500
1000,Nearly_Sorted,Selection,0.000368400
1000,Nearly_Sorted,Merge,0.000061100
1000,Nearly_Sorted,Quick,0.000034900
1000,Nearly_Sorted,Heap,0.000069700
1000,Nearly_Sorted,Counting,0.000005200
1000,Nearly_Sorted,Radix,0.000015300
10000,Random,Bubble,0.085729000
10000,Random,Insertion,0.027982000
10000,Random,Selection,0.037820000
10000,Random,Merge,0.001136000
10000,Random,Quick,0.000659000
10000,Random,Heap,0.001132000
10000,Random,Counting,0.000058000
10000,Random,Radix,0.000199000
10000,Sorted,Bubble,0.000011000
10000,Sorted,Insertion,0.000246000
10000,Sorted,Selection,0.036513000
10000,Sorted,Merge,0.000635000
10000,Sorted,Quick,0.000242000
10000,Sorted,Heap,0.000896000
10000,Sorted,Counting,0.000056000
10000,Sorted,Radix,0.000196000
10000,Reverse,Bubble,0.109687000
10000,Reverse,Insertion,0.057155000
10000,Reverse,Selection,0.038908000
10000,Reverse,Merge,0.000608000
10000,Reverse,Quick,0.000452000
10000,Reverse,Heap,0.000916000
10000,Reverse,Counting,0.000058000
10000,Reverse,Radix,0.000239000
10000,Few_Unique,Bubble,0.071059000
10000,Few_Unique,Insertion,0.021882000
10000,Few_Unique,Selection,0.037312000
10000,Few_Unique,Merge,0.000802000
10000,Few_Unique,Quick,0.006201000
10000,Few_Unique,Heap,0.000790000
10000,Few_Unique,Counting,0.000041000
10000,Few_Unique,Radix,0.000064000
10000,Nearly_Sorted,Bubble,0.050702000
10000,Nearly_Sorted,Insertion,0.003498000
10000,Nearly_Sorted,Selection,0.036822000
10000,Nearly_Sorted,Merge,0.000724000
10000,Nearly_Sorted,Quick,0.000409000
10000,Nearly_Sorted,Heap,0.000904000
10000,Nearly_Sorted,Counting,0.000054000
10000,Nearly_Sorted,Radix,0.000196000
50000,Random,Bubble,2.215212000
50000,Random,Insertion,0.697712000
50000,Random,Selection,0.945640000
50000,Random,Merge,0.005976000
50000,Random,Quick,0.004040000
50000,Random,Heap,0.006708000
50000,Random,Counting,0.000274000
50000,Random,Radix,0.001249000
50000,Sorted,Bubble,0.000038000
50000,Sorted,Insertion,0.001192000
50000,Sorted,Selection,0.930646000
50000,Sorted,Merge,0.003259000
50000,Sorted,Quick,0.001261000
50000,Sorted,Heap,0.004761000
50000,Sorted,Counting,0.000243000
50000,Sorted,Radix,0.001173000
50000,Reverse,Bubble,2.815056000
50000,Reverse,Insertion,1.352213000
50000,Reverse,Selection,0.986109000
50000,Reverse,Merge,0.003197000
50000,Reverse,Quick,0.002561000
50000,Reverse,Heap,0.004721000
50000,Reverse,Counting,0.000222000
50000,Reverse,Radix,0.001102000
50000,Few_Unique,Bubble,1.905700000
50000,Few_Unique,Insertion,0.548849000
50000,Few_Unique,Selection,0.934750000
50000,Few_Unique,Merge,0.004162000
50000,Few_Unique,Quick,0.146382000
50000,Few_Unique,Heap,0.004109000
50000,Few_Unique,Counting,0.000198000
50000,Few_Unique,Radix,0.000305000
50000,Nearly_Sorted,Bubble,1.310307000
50000,Nearly_Sorted,Insertion,0.085960000
50000,Nearly_Sorted,Selection,0.935061000
50000,Nearly_Sorted,Merge,0.003776000
50000,Nearly_Sorted,Quick,0.002267000
50000,Nearly_Sorted,Heap,0.005157000
50000,Nearly_Sorted,Counting,0.000233000
50000,Nearly_Sorted,Radix,0.001119000
100000,Random,Bubble,TIMEOUT
100000,Random,Insertion,2.685662000
100000,Random,Selection,3.785061000
100000,Random,Merge,0.012949000
100000,Random,Quick,0.008493000
100000,Random,Heap,0.014365000
100000,Random,Counting,0.000576000
100000,Random,Radix,0.002671000
100000,Sorted,Bubble,0.000077000
100000,Sorted,Insertion,0.002463000
100000,Sorted,Selection,3.762089000
100000,Sorted,Merge,0.006946000
100000,Sorted,Quick,0.002831000
100000,Sorted,Heap,0.010269000
100000,Sorted,Counting,0.000437000
100000,Sorted,Radix,0.002262000
100000,Reverse,Bubble,TIMEOUT
100000,Reverse,Insertion,5.513661000
100000,Reverse,Selection,3.969314000
100000,Reverse,Merge,0.007075000
100000,Reverse,Quick,0.005602000
100000,Reverse,Heap,0.010064000
100000,Reverse,Counting,0.000397000
100000,Reverse,Radix,0.002869000
100000,Few_Unique,Bubble,TIMEOUT
100000,Few_Unique,Insertion,2.138660000
100000,Few_Unique,Selection,3.763982000
100000,Few_Unique,Merge,0.009199000
100000,Few_Unique,Quick,0.583208000
100000,Few_Unique,Heap,0.013982000
100000,Few_Unique,Counting,0.001526000
100000,Few_Unique,Radix,0.002625000
100000,Nearly_Sorted,Bubble,5.414518000
100000,Nearly_Sorted,Insertion,0.339144000
100000,Nearly_Sorted,Selection,3.766358000
100000,Nearly_Sorted,Merge,0.008229000
100000,Nearly_Sorted,Quick,0.005073000
100000,Nearly_Sorted,Heap,0.010987000
100000,Nearly_Sorted,Counting,0.000450000
100000,Nearly_Sorted,Radix,0.002346000
